show_id,type,title,director,cast,country,date_added,release_year,rating,duration,listed_in,description
s1,Movie,The Grand Seduction,Don McKellar,"Brendan Gleeson, Taylor Kitsch, Gordon Pinsent",Canada,"March 30, 2021",2014,,113 min,"Comedy, Drama","A small fishing village must procure a local doctor to secure a lucrative business contract. When unlikely candidate and big city doctor Paul Lewis lands in their lap for a trial residence, the townsfolk rally together to charm him into staying. As the doctor's time in the village winds to a close, acting mayor Murray French has no choice but to pull out all the stops."
s2,Movie,Take Care Good Night,Girish Joshi,"Mahesh Manjrekar, Abhay Mahajan, Sachin Khedekar",India,"March 30, 2021",2018,13+,110 min,"Drama, International",A Metro Family decides to fight a Cyber Criminal threatening their stability and pride.
s3,Movie,Secrets of Deception,Josh Webber,"Tom Sizemore, Lorenzo Lamas, Robert LaSardo, Richard Jones, Yancey Arias, Noel Gugliemi",United States,"March 30, 2021",2017,,74 min,"Action, Drama, Suspense",After a man discovers his wife is cheating on him with a neighborhood kid he goes down a furious path of self-destruction
s4,Movie,Pink: Staying True,Sonia Anderson,"Interviews with: Pink, Adele, BeyoncÃ©, Britney Spears, Christina Aguilera, more!",United States,"March 30, 2021",2014,,69 min,Documentary,"Pink breaks the mold once again, bringing her career to a new level in 2013 with a world tour that entertains unlike ever before! Get inside access to ""the girl who got the party started"" with exclusive interviews and rare live performances."
s5,Movie,Monster Maker,Giles Foster,"Harry Dean Stanton, Kieran O'Brien, George Costigan, Amanda Dickinson, Alison Steadman, Grant Bardsley, Bill Moody, Matthew Scurfield",United Kingdom,"March 30, 2021",1989,,45 min,"Drama, Fantasy","Teenage Matt Banting wants to work with a famous but eccentric creature/special effects man named Chancey Bellows. He gets more than he bargained for when one of the creatures, the giant dragon-like Ultragorgon, takes Matt under his wing. Matt is forced to confront his inner monsters while working out his issues with his father."
s6,Movie,Living With Dinosaurs,Paul Weiland,"Gregory Chisholm, Juliet Stevenson, Brian Henson, Michael Maloney",United Kingdom,"March 30, 2021",1989,,52 min,"Fantasy, Kids","The story unfolds in a an English seaside town, where Dom, an only child, faces the imminent arrival of a new sibling, and subsequently diminished attention from his mother. A stuffed toy dinosaur named Dog is Dom's only confidant â€“ Dom relies on his friend heavily for support as he confronts his problems, accepts the changes in his life, and understands the love he has for his parents."
s7,Movie,Hired Gun,Fran Strine,"Alice Cooper, Liberty DeVitto, Ray Parker Jr., David Foster, Jason Hook, Steve Vai, Phil X, Rudy Sarzo, Jay Graydon, Rob Zombie, Kenny Aronoff, Steve Lukather, Justin Derrico, Eva Gardner, John 5, Eric Singer, Derek St. Holmes, Paul Bushnell, Jason Newsted, Glen Sobel, Nita Strauss, Chris Johnson",United States,"March 30, 2021",2017,,98 min,"Documentary, Special Interest","They are the ""First Call, A-list"" musicians, just 20 feet from stardom, yet rarely receive credit for their work. The 'hired gun' community lives and breathes music, and for the first time, share their incredible stories detailing the highs and lows of touring life, the demands of session schedules, and the dedication required to play next to some of the world's most iconic musicians."
s8,Movie,Grease Live!,"Thomas Kail, Alex Rudzinski","Julianne Hough, Aaron Tveit, Vanessa Hudgens, Keke Palmer, Carly Rae Jepson, Mario Lopez, Carlos PenaVega, Kether Donohue, Jordan Fisher, David Del Rio, Andrew Call, Wendell Pierce, Boyz II Men, Jessie J, Ana Gasteyer, Didi Conn",United States,"March 30, 2021",2016,,131 min,Comedy,"This honest, uncompromising comedy chronicles the war stories and sexual misadventures of a tight circle of lovers and friends fighting to get their acts together, for better or worse."
s9,Movie,Global Meltdown,Daniel Gilboy,"Michael ParÃ©, Leanne Khol Young, Patrick J. MacEachern",Canada,"March 30, 2021",2017,,87 min,"Action, Science Fiction, Suspense",A helicopter pilot and an environmental scientist lead a exodus of survivors in a search for a safe haven after a catastrophic tectonic event causes the crust of the earth to break apart.
s10,Movie,David's Mother,Robert Allan Ackerman,"Kirstie Alley, Sam Waterston, Stockard Channing",United States,"April 1, 2021",1994,,92 min,Drama,"Sally Goodson is a devoted mother to her autistic son David. Abandoned by her husband, Sally has managed to keep her son out of ""the System"", until a social worker comes along."
s11,Movie,Forest Fairies,Justin G. Dyck,"Emily Wilder, Adrian Cowan, Gary Mckenzie, Jeremy Ninaber, Brenda Somers, Brian Carleton, Lora Burke, Winny Clarke, Mercedes Morris, Rebecca Perry, Emily Agard, Graham Gauthier",Canada,"April 4, 2021",2016,,88 min,"Adventure, Kids",Amanda stumbles upon a hidden village of fairies in the forest. They help her thwart a scheming land developer's plan to trick her mother into selling the family inn.
s12,Movie,Take Care,Liz Tuccillo,"Leslie Bibb, Kevin Curtis, Nadia Dajani",United States,"April 10, 2021",2014,,93 min,Comedy,"When a car crash leaves Frannie immobilized, she is brushed off by everyone she can count on. With nowhere else to turn, Frannie reluctantly calls her ex, Devon, for help. It isn't long before old wounds emerge and are made worse when Devon's crazy new girlfriend shows up."
s13,Movie,The Night Eats The World,Dominique Rocher,"Anders Danielsen Lie, Golshifteh Farahani, Denis Lavant, Sigrid Bouaziz, David Kammenos",France,"April 17, 2021",2018,,94 min,"Horror, Suspense","After waking up in an apartment the night after a raging party, Sam comes face to face with his new reality, an army of zombies have invaded the streets of Paris and he is the lone survivor. Petrified with fear, he barricades himself inside the building to survive. He wonders how long can he last in silence and solitude, and the answer comes when he learns that he's not all alone after all."
s14,Movie,Resilencia,Jep Barcelona,"Rafinha Alcantara, Marc-AndrÃ© Ter Stegen, Sergi Roberto, Dr. RamÃ³n Cugat, Mazinho, Xavi Arruebo, Celia Ferreira Da Silva, Ãngel Lapuebla, Javier EnrÃ­quez, Thiago Alcantara, Valeria Alcantara",Spain,"April 24, 2021",2020,,46 min,"Documentary, Sports","The documentary follows the midfielderâ€™s everyday life for six months. Itâ€™s a sincere portrayal by Rafinha himself, who opened his home for the cameras to film every moment, even allowing them into the operating room."
s15,Movie,Elon Musk: The Real Life Iron Man,Sonia Anderson,"Elon Musk, Per Wimmer, Julie Anderson-Ankenbrandt, Cary Cooper",United Kingdom,"May 2, 2021",2018,,74 min,Documentary,"Discover the meteoric rise of Elon Musk, the man who is transforming the way we think about travel technology through electric cars, the Hyperloop, and revolutionary ideas on how we live through artificial intelligence and colonizing Mars."
s16,Movie,Summer '03,Becca Gleason,"Joey King, Jack Kilmer, Andrea Savage, Paul Scheer, June Squibb, Erin Darke, Stephen Ruffin, Kelly Lamor Wilson, Logan Medina, Travis James, Bill Eudaly, Elise DuQuette",United States,"June 3, 2021",2019,,96 min,"Comedy, Drama","Summer '03 is the hilarious story of 16-year-old Jamie and her family, who are shocked after her calculating grandmother unveils an array of family secrets on her deathbed, one involving religion, the other of a more personal nature. Jamie is left to navigate her own love life and her closest friendships in the midst of this family crisis, and one of the most memorable summers of her life."
s17,Movie,Zoombies,Glenn Miller,"Marcus Anderson, Kaiwi Lyman, Andrew Asper",,,2016,13+,87 min,"Horror, Science Fiction","When a strange virus quickly spreads through a safari park and turns all the zoo animals undead, those left in the park must stop the creatures before they escape and zombify the whole city."
s18,TV Show,Zoo Babies,,Narrator - Gillian Barlett,,,2008,ALL,1 Season,"Kids, Special Interest","A heart warming and inspiring series that welcomes the arrival of new members of the animal kingdom in Zoo's around the world, as well as showcasing endangered species being born in captivity, 'Zoo Babies' is perfect family viewing packaged with fun, colourful graphics designed to capture the attention of little ones."
s19,TV Show,ZoÃ« Coombs Marr: Bossy Bottom,,ZoÃ« Coombs Marr,,,2020,18+,1 Season,"Comedy, Talk Show and Variety","ZoÃ« Coombs Marr has been on hiatus. Sort of. For six years, she won stacks of awards and acclaim as a hack comic with a neckbeard called Dave. Whatever. Sheâ€™s scraped off the neckbeard and is BAAAACKâ€¦ as herself. There is no comedian quite like ZoÃ«. Bossy Bottom is a joyously silly return to very serious stand up from theÂ MICF Most Outstanding Show winner and Edinburgh Best Show nominee."
s20,Movie,Zoe,Drake Doremus,"Ewan McGregor, LÃ©a Seydoux, Theo James, Miranda Otto, Rashida Jones, Christina Aguilera, Matthew Gray Gubler, Anthony Shim",,,2018,R,104 min,Science Fiction,"ZOE tells a tale of forbidden love between an engineer and a robot. ZOE (LÃ©a Seydoux) and COLE (Ewan McGregor) are colleagues and veiled lovers at a lab working to perfect romantic relationships. But their relationship is threatened when Zoe discovers the truth about their relationship, sending them into a spiral of confusion, betrayal and the most intense of human emotions, love."
s21,TV Show,Zoboomafoo,,,,,2001,TV-Y,1 Season,Kids,Chris and Martin Kratt bring their enthusiasm for animals to the pre-school set.
s22,TV Show,Zo Zo Zombie: Mini-Series,,"Alex Cazares, Ben Diskin, Cristina Vee, Erika Ishii",,,2020,TV-Y7,1 Season,"Action, Anime, Comedy","Zo Zo Zombie is our undead hero who, with his best [human] friend Isamu, is just trying to do some good in this world but somehow always ends up in pieces. Literally."
s23,Movie,Zis Boom Bah,William Nigh,"Grace Hayes, Mary Healy",,,1941,NR,62 min,"Arts, Entertainment, and Culture, Comedy, Drama","""Hey, kids, let's get together and put on a show!"" That's the idea behind this raucous spoof about a vaudeville performer who goes to college to spy on her bratty son."
s24,TV Show,ZeroZeroZero,,"ANDREA RISEBOROUGH, HAROLD TORRES, CLAUDIA PINEDA, TCHEKY KARYO, GIUSEPPE DE DOMENICO, GABRIEL BYRNE, DANE DEHAAN, ADRIANO CHIARAMIDA",Italy,,2020,18+,1 Season,TV Shows,"ZeroZeroZero series follows the journey of a cocaine shipment, from the moment a powerful cartel of Italian criminals decides to buy it until the cargo is delivered and paid for, passing through its packaging in Mexico and shipment across the Atlantic Ocean."
s25,Movie,Zandalee,Sam Pillsbury,"Nicolas Cage, Judge Reinhold, Erika Anderson, Joe Pantoliano, Viveca Lindfors, Aaron Neville, Steve Buscemi, Ian Abercrombie, Marisa Tomei, Jo-El Sonnier, Newell Alexander, Blaise Delacroix, Eliott Keener, Richard Greenberg, John Cutler, Thomas Iain",,,1991,R,94 min,Drama,"Zandalee has grown bored with her poet-turned-businessman husband and has an affair with his best friend. When their passions grow wild, it proves to be too hot for any of them to handle."
s26,Movie,Zambezi: Force of Life,Dr. Rudolf Lammers,,,,2005,ALL,50 min,Documentary,"The Zambezi river is the fourth-longest river in Africa, flowing from the heart of Zambia all the way to the Indian Ocean. Along the way, we discover the breathtaking wildlife that call the river home, including hippos and crocodiles. As we follow the course of this infamous river, even more diverse wildlife is revealed along its shores. With danger at every turn, this is Zambezi!"
s27,TV Show,Zahara: The Return,,"Natasha HeschÃ©lle, Curtis Morgan, Hannah Scott, Dennis Nimoh, Christine Nguyen",,,2020,16+,1 Season,TV Shows,"The story explores the history of slavery and racism, and the tensions between a white supernatural world and a supernatural world of colour as an ancient black Druid rekindles her forbidden love with the son of her former master."
s28,TV Show,Z: The Beginning of Everything,,"Christina Ricci â€¨, David Hoflin",United States,,2017,18+,1 Season,"Comedy, Drama","""Z: The Beginning of Everything"" tells the story of Zelda Sayre Fitzgerald, the brilliant, beautiful Southern Belle who became the original flapper and icon of the wild, flamboyant Jazz Age."
s29,TV Show,Yu-Gi-Oh! Zexal,,"Eli Jay, Marc Thompson, Sean Schemmel, Eileen Stevens",,,2015,TV-Y7,3 Seasons,"Animation, Anime, Fantasy","It's time to feel the flow as Yu-Gi-Oh! Zexal blasts off into awesome new adventures! Seven legendary number cards are hidden throughout the cosmos, each holding a key to unlocking the ultimate power of the universe. Yuma and Astral must find them before the evil Barians do for whoever wields this force can use it to save the galaxy or destroy it!"
s30,TV Show,Yu-Gi-Oh! ARC-V,,"Michael Liscio Jr., Emily Bauer",,,2018,TV-Y7,3 Seasons,"Action, Adventure, Animation",Get set to swing into action as Yu-Gi-Oh! ARC-V takes its final bow!
s31,TV Show,Yu-Gi-Oh! 5D's,,"Gregory Abbey, Bella Hudson, Ed Paul",,,2011,TV-Y7,2 Seasons,"Anime, Kids","With the defeat of Director Goodwin and the Dark Signers, New Domino City's barriers have been torn down. City and Satellite are now one - united in the hope of building a brighter tomorrow. Yet in this time of renaissance and rebuilding, a new enemy emerges, and Yusei and his friends must rev it up in order to save the world â€“ one duel at a time."
s32,TV Show,Your Bleeped Up Brain,,"Dobrokhotova Ekaterina, Mike New",,,2013,TV-PG,1 Season,TV Shows,"See what an alien abduction reveals about your memory, learn how a seance in the White House holds the key to superstition, uncover a conspiracy theory about the moon landing."
s33,Movie,Young Lovers,Ida Lupino,"Sally Forrest, Keefe Brasselle, Hugh O'Brian, Eve Miller, Lawrence Dobkin, Rita Lupino",,,1949,18+,86 min,Drama,"Talented and beautiful Carol Williams (Forrest) is devastated when she learns she has contracted Polio and becomes crippled by the disease. The depressed and embittered young woman breaks her engagement to her dance partner and choreographer, Guy Richards (Brasselle), but he is determined to stay by her side. Preferring to be alone in her misery, Carol slowly learns to allow others to help her and share in her grief. She is finally able to bring herself to participate in and go on with her new life."
s34,Movie,Young Love (at the Sun Factory),,,,,2007,NR,36 min,Music Videos and Concerts,"Young Love celebrates the release of ""Too Young To Fight It"" with a midnight show inside an old factory building."
s35,Movie,Young Love (at Bowery Ballroom),,,,,2007,NR,37 min,Music Videos and Concerts,"Young Love returns to Baeble's silver screen with a bigger stage, expanded setlist, nicer clothes, and the same blend of rock, dance, and pop."
s36,TV Show,Young Lions,,"Alex Dimitriades, Alexandra Davies, Tom Long, Anna Lise Phillips, Katherine Slattery, Penny Cook, Amie Mckenna, Socratis Otto, Anna Torv, John Waters, Maya Stange, Jackson Purtan-Smith, George Anakotta",,,2002,16+,1 Season,"Drama, Suspense",Australian police show about two male and two female detective senior constables who solve crimes and deal with personal issues.
s37,Movie,You're Not You,George C. Wolfe,"Hilary Swank, Emmy Rossum, Josh Duhamel",,,2015,R,103 min,Drama,A drama centered on a classical pianist who has been diagnosed with ALS and the brash college student who becomes her caregiver.
s38,Movie,"You, Me and Him",Daisy Aitkens,"David Tennant, Lucy Punch, Faye Marsay, Gemma Jones",,,2017,,98 min,"Comedy, Drama","In You, Me and Him we meet lesbian couple Olivia and Alex (Lucy Punch, Faye Marsay) who, despite their age difference, are very much in love. But as the question of pregnancy rears its head and their neighbor John (David Tennant) befriends them, they both start making some truly disastrous decisions."
s39,Movie,Yoga with Sound Meditations,Mark Knight,Ann-Marie Newland,,,2016,ALL,9 min,"Fitness, Special Interest","This session will establish how to prepare for the practice of both mindfulness and meditation. We learn to sit with a correctly aligned spine, to observe, regulate, slow down and control the breath. These in-turn will act upon the mind and begin to still its chatter and noise. Performed by Anne-Marie Newland founder of Sun Power Yoga teacher training school and author of ""Sun Power Yoga Shala!"""
s40,Movie,Yoga to Harness Your Chakra Energy,Mark Knight,Caroline Shola Arewa,,,2014,ALL,18 min,"Faith and Spirituality, Special Interest","Sharecare Windows presents Caroline Shola Arewa who describes the positions, meaning and qualities of energy, as well as the seven main chakras, gently leading you into a guided chakra meditation. Chakras are at the heart of the human energy system and understanding the chakra system can positively affect your physical health, emotional stability and spiritual awareness."
s41,Movie,Yoga to Ease Flight Anxiety,Mark Knight,Anne-Marie Newland,,,2016,ALL,14 min,"Fitness, Special Interest",Reduce the stress of flying by using these simple and affective yoga-based moves to keep the blood flowing around the body. Help prevent Deep Vein Thrombosis and allow the heart and the brain to get as much oxygen on board as possible. Drink plenty of water and get up and walk-It's really simple and effective.
s42,Movie,Yoga to Break Any Habit,Mark Knight,Dr Daniel J Nightingale,,,2014,ALL,20 min,Special Interest,"This session with Dr Daniel J Nightingale is helpful for anyone whose quality of life is diminished by habitual and addictive behavior. Discover techniques that can help you break your habit, allowing you to become in control of IT, rather than IT being in control of you. This session will prove to be beneficial to you any time you wish to listen to it-day or night."
s43,TV Show,"Yoga Therapy For Back Pain, Neck Pain & Stress Relief - Lindsey Samper",,Lindsey Samper,,,2018,ALL,1 Season,Fitness,Lindsey teaches you how to relieve pain & tension throughout the body. This series includes Yoga Flow Classes and videos that simply teach you the stretches. These gentle classes are perfect even if you've never done yoga.
s44,Movie,Yoga Savasana Relaxation,Mark Knight,Anne-Marie Newland,,,2014,ALL,19 min,"Fitness, Special Interest",Relax and reduce your stress while you lay down in a comfortable position to listen to this session. Yoga relaxation takes the whole body into a deep state of conscious relaxation. During a sleep or dream state the conscious mind is switched off and we have dreams which can result in not sleeping well and then you often wake up feeling exhausted.
s45,Movie,Yoga for Relaxation Anywhere,Mark Knight,Anne-Marie Newland,,,2014,ALL,18 min,"Fitness, Special Interest","Yoga relaxation takes the whole body into a deep state of conscious relaxation. This means the mind has been afforded the tools needed to switch off its subconscious. During a sleep or dream state, the conscious mind is turned in the off position and as a result we have dreams which may lead to you not sleeping well, waking up often and feeling exhausted."
s46,Movie,Yoga for Relaxation and Stress Relief Anywhere,Mark Knight,Anne-Marie Newland,,,2014,ALL,20 min,"Fitness, Special Interest","This session was designed to help you relax and reduce your level of stress with a daily dose of relaxation for the mind and the body. Lower your anxiety and increase your coping skills through the use of breathing that regulates the heart rhythm. In these stress relief sessions, the medical profession has evidence that the heart rate can actually drop and thus inducing calm."
s47,Movie,Yoga for Relaxation and Stress Relief,Mark Knight,Anne-Marie Newland,,,2014,ALL,20 min,Special Interest,"Relax and reduce your stress while you lay down in a comfortable position to listen to this session. It is a scientific fact that an overload of stress at home or work will eventually affect the body, the mind and its health. A daily dose of relaxation for the Mind and the body will help stress levels to lower by using the breath to regulate the heartbeat."
s48,Movie,Yoga for Mindfulness and Meditation,Mark Knight,Anne-Marie Newland,,,2016,ALL,22 min,"Fitness, Special Interest","We take you through Buddhist mindful philosophy, Yoga mantra meditation and a guided meditation session for use in your everyday life. Focusing on anything in your environment that you find soothing and calming helps you relax and our session gives you the tools to take your practice to new levels. Guided by Anne-Marie Newland the founder of Sun Power Yoga and author of Sun Power Yoga Shala."
s49,Movie,Yoga for Men's Health,Mark Knight,Anne-Marie Newland,,,2016,ALL,60 min,"Fitness, Special Interest","This session helps create confidence with simple technical rules that help develop your physical and mental ability. It is ideal for those who have never tried Yoga before as well as for the more advanced. The focus is on areas that are problematic for men, tight hips, thighs, groins, chest and back and increasing oxygen to the prostate gland. Guided by Anne-Marie Newland founder of Sun Power Yoga"
s50,Movie,Yoga for Breath Awareness,Mark Knight,Anne-Marie Newland,,,2016,ALL,6 min,"Fitness, Special Interest","This breathing practice will reduce stress, calm the body and focus the mind, while also increasing energy. It is easy to begin this awareness by implementing five simple steps. This is perfect for short everyday relaxation before your exercise practice. Classically trained in the art of yoga in India and Canada, Anne-Marie Newland presents her own dynamic style of yoga known as Sun-Power Yoga."
s51,Movie,Yoga For Beginners,Mark Knight,Anne-Marie Newland,,,2016,ALL,54 min,"Fitness, Special Interest","This session is about the key to yoga - synchronized movement and breathing. Enjoying your experience is very important-don't push yourself to hard! This session is suitable for beginners of all levels of fitness and works every part of your body, offering variations for all movements. Guided by Anne-Marie Newland of Sun Power Yoga and Author of Sun Power Yoga Shala."
s52,Movie,Yoga for Abdominal Breathing,Mark Knight,Anne-Marie Newland,,,2019,ALL,5 min,Special Interest,"This breathing practice will reduce stress, calm the body and focus the mind, while also increasing energy. Practice this for at least 5 minutes. If you did this each day you would notice stress levels dropping, sleep improve and your ability to focus as well as feeling a lot calmer!. Accompanying video Iao Valley on Maui."
s53,Movie,Yellowneck,R. John Hugh,"Lin McCarthy, Stephen Courtleigh, Berry Kroeger, Harold Gordon, Bill Mason",,,1955,18+,84 min,"Action, Military and War, Western","During the U.S. Civil War, five deserters (yellownecks) from the Confederate army decide to embark on a dangerous mission through the Florida everglades to escape to Cuba. They have to survive snakes, a Florida panther, quicksand, and a hurricane in the swamps, along with local angry indians. Only one of the men will survive to make it to the Florida coast, but which one? The hurricane scenes involve footage form a real hurricane that hit Florida during the shooting of the film."
s54,TV Show,Yearly Departed,,"Phoebe Robinson, Rachel Brosnahan, Tiffany Haddish, Patti Harrison, Natasha Leggero, Natasha Rothwell, Sarah Silverman, Ziwe, Christina Aguilera, Sterling K Brown",,,2020,16+,1 Season,"Arts, Entertainment, and Culture, Comedy, Talk Show and Variety","Goodbye and good riddance, 2020. In this hilarious, absurd, life-affirming comedy special, seven outspoken female comedians lay to rest the year that never seemed to end. Hosted by Phoebe Robinson (2 Dope Queens), a lineup of some of the world's funniest women bid farewell to 2020's biggest conceptual casualties, from TV Cops to Casual Sex, giving the year a cathartic sendoff."
s55,Movie,Yatra (Telugu),Mahi V Raghav,"Mammootty, Suhasini Maniratnam",,,2019,ALL,126 min,"Drama, International",An Indian politician takes up a decision to go on a 900-mile walking tour as a part of his election campaign. Yatra is an emotional tribute to the former Chief Minister of Andhra Pradesh Y. S. Rajasekhara Reddy.
s56,Movie,Yatra (Malayalam),Mahi V Raghav,"Mammootty, Suhasini Maniratnam",,,2019,ALL,125 min,"Drama, International",An Indian politician takes up a decision to go on a 900-mile walking tour as a part of his election campaign. Yatra is an emotional tribute to the former Chief Minister of Andhra Pradesh Y. S. Rajasekhara Reddy.
s57,TV Show,Yancy Derringer,,"Jock Mahoney, X Brands, Kevin Hagen, Framces Bergen, Charlene James, Joan Taylor, Charles Bronson, Margaret Hayes, Kelly Thordsen, Particia Blair",,,1959,13+,1 Season,"Action, Western","Yancy Derringer, an ex-Confederate soldier turned gambler, was a suave lady's man in New Orleans, Louisiana. In reality, he was working for John Colton, the civil administrator of the city. Yancy's job was to prevent crime and if necessary, arrest the culprits. His constant companion was Pahoo-Ka-Ta-Wah a Native American who watches Yancy's back."
s58,TV Show,Xploration Earth 2050,,Chuck Pell,,,2017,ALL,2 Seasons,"Documentary, Science Fiction","What will the world look like in 2050? Where will advancements in science, technology, engineering, and math lead us? Host Chuck Pell takes viewers on a mind bending journey in search of these answers."
s59,TV Show,Xiaolin Chronicles,,"Tara Strong, Jennifer Hale, Eric Bauza, David Kaye, Michael Donovan, Cree Summer",,,2015,7+,1 Season,"Adventure, Animation, Kids","Newcomer Ping Pong joins the legendary Xiaolin Monks: Omi, Kimiko, Raimundo, and Clay for fantastical new adventures! Leading the dark forces is Heylin Dragon Chase, who vows to revenge against Xiaolin. Throwing a monkey's wrench into the mix is supervillain wannabe Jack Spicer. Under the tutelage of an evil witch, Jack and his robot army are gunning for the Shen Gong Wu for world domination."
s60,Movie,Xchange,Allan Moyle,"Stephen Baldwin, Pascale BussiÃ¨res, Kim Coates, Kyle MacLachlan, Tom Rack",,,2001,R,109 min,"Fantasy, Science Fiction, Suspense",A man learns the danger of a new technology that allows people to transport their minds into a waiting body at their chosen destination when his body is taken over by a terrorist.
s61,Movie,X-Ray,Boaz Davidson,"Barbi Benton, Chip Lucia",,,1983,R,89 min,Suspense,"A psychotic killer keeps a young girl trapped inside a hospital, having fixed her x-rays to make it look like she has a terminal illness, and brutally murders everyone she comes in contact with."
s62,TV Show,WWII in HD,,"Gary Sinise, Charles Scheffel",,,2009,TV-14,1 Season,Action,"The only people to see the war like this were the ones who fought it. Until now...70+ years in the making. The first documentary to show World War II from the perspective of both sides in full, immersive HD color, WWII in HD uses the diaries of soldiers who fought in the war's biggest battles to create a personal, introspective and detailed look at life on and off the front lines."
s63,Movie,Wrangler: Anatomy of an Icon,Jeffrey Schwarz,"Jack Wrangler, Margaret Whiting, Marc Shaiman, Bruce Vilanch, Christine Ebersole, Michael Musto, Chi Chi La Rue, Sharon Mitchell, Jamie Gillis, Candida Royalle, Samantha Fox, Gloria Leonard",,,2008,18+,85 min,"Documentary, LGBTQ","From the dawn of the sexual revolution comes the outrageous and true story of 1970s gay porn icon Jack Wrangler. Jack rose to become a major brand name in adult entertainment, as well as a hero to the newly liberated gay population, only to cross over to straight movies and fall in love with famous vocalist Margaret Whiting."
s64,TV Show,WPC 56,,"WPC Annie Taylor, Charles De'Ath, Olly Rix, James Barriscale, Rachel Leskovac, Liam Jeavons, Mark Healy",,,2015,13+,3 Seasons,"Drama, Romance, Suspense","The third series of WPC 56 follows WPC Annie Taylor, one of the first female police constables to serve in England's West Midlands in 1956."
s65,TV Show,Would I Lie to You?,,"David Mitchell, Lee Mack, Rob Brydon",,,2009,TV-PG,1 Season,"Comedy, Special Interest, Unscripted","On the third season of 'Would I Lie to You?' there is a new host, Rob Brydon, who joins regular team captains David Mitchell and Lee Mack David Mitchell. Together, they have to work out whether their celebrity guests are telling true stories from their weird and wonderful lives, or spinning a tall tale based on a lie given to them by the production team."
s66,TV Show,Wotakoi: Love is Hard for Otaku,,"Arisa Date, Kent Ito, Miyuki Sawashiro, Tomokazu Sugita, Yuki Kaji",,,2018,TV-NR,1 Season,TV Shows,"When Narumi, an office lady who hides the fact that she is a yaoi fangirl, changes jobs, she is reunited with Hirotaka, her childhood friend who is attractive and skilled but is a hardcore gaming otaku. They decide to start dating for now, but being otaku, both of them are awkward so a serious romantic relationship is rather difficult for them..."
s67,TV Show,Worldâ€™s Toughest Race: Eco-Challenge Fiji,,Bear Grylls,United States,,2020,13+,1 Season,Unscripted,"66 teams descend upon Fiji to compete in the most epic global adventure race ever attempted. Bear Grylls hosts this 11-day expedition that pushes competitors to their physical and emotional limits. For the veteran teams the goal is to win â€“ but for most, the dream is to finish and prove to themselves and the world, that they can prevail in the Worldâ€™s Toughest Race."
s68,TV Show,World War II: When Lions Roared,,"Michael Caine, John Lithgow, Bob Hoskins",,,1994,TV-14,1 Season,Drama,"At the Tehran and Yalta Conferences, the strong personalities of three of the world's most powerful leaders threaten their fragile alliance. This riveting historical drama portrays the precarious relationship between Franklin D. Roosevelt, Winston Churchill and Joseph Stalin at the pivotal moments when the final strategies of the war hung in the balance."
s69,Movie,World War II: Saving the Reality,Tim Gray,Dan Aykroyd,,,2012,,56 min,Documentary,"Over the course of five decades, Kenneth W. Rendell amassed the largest and most comprehensive private collection of original World War II memorabilia in the world. Narrated by Dan Aykroyd, World War II: Saving the Reality opens the doors to this private museum. Rendell provides a guided tour of the museum's 30 exhibits."
s70,TV Show,World War 2 - The Call of Duty: A Complete Timeline,,Liam Dale,,,2020,13+,1 Season,"Documentary, Military and War","Track the main events of World War II with the help of remarkable archive footage and see exactly what happened, and when. Learn about Pearl Harbor, The Battle of Britain, D-Day, the dropping of the atomic bomb and more. From the early battles right through to the complexities of the endgame, this extensive 24 episode series shines a spotlight on a period of history that should never be forgotten."
s71,Movie,World Inferno Friendship Society,Baeble Music,,,,2007,NR,40 min,Music Videos and Concerts,The circus comes to town with this performance at the traveling Spiegeltent from Wolrd Inferno Friendship Society.
s72,TV Show,World Food Championships,,Tiffany Derry,,,2014,TV-PG,1 Season,TV Shows,World Food Championships invites the champions from the biggest and best food competitions around the world into a single high-stakes culinary showdown for hundreds of thousands of dollars.
s73,TV Show,WordWorld,,,,,2007,TV-G,1 Season,Kids,The loveable WordFriends take children on adventures in a world of words where they encounter all sorts of situations that can only be solved by building a word!
s74,Movie,Words On Bathroom Walls,Thor Freudenthal,"Charlie Plummer, Taylor Russell, Andy Garcia, AnnaSophia Robb, Beth Grant, Devin Bostick, Lobo Sebastian, Molly Parker, Walton Goggins",,,2020,PG-13,111 min,Drama,"Diagnosed with a mental illness, a witty, introspective teen falls in love with a brilliant classmate who inspires him to open his heart and not be defined by his condition."
s75,TV Show,WordGirl,,,,,2010,TV-G,1 Season,Kids,WordGirl and her sidekick Captain Huggy Face take down quirky villains in every action-packed episode.
s76,TV Show,Wonders of Mexico,,Anthony Mendez,,,2018,TV-G,1 Season,"Documentary, Special Interest","Mexico is rich in culture and ablaze with color. Discover the hidden underworlds, diversity of life, and a mosaic of vast landscapes that create a festival of life. Includes: Forests of the Maya, Mountain Worlds, and Burning North."
s77,Movie,Wonderful Nursery Rhymes with Mia - Little Baby Bum,Cannis Holder,,,,2019,ALL,33 min,Kids,LittleBabyBum is proud to present a compilation with some of the most popular and educational nursery rhymes with Mia!
s78,Movie,Wonderful Nursery Rhymes with Jacus - By Little Baby Bum,Cannis Holder,,,,2019,ALL,34 min,Kids,Enjoy this educational and fun compilation of classic nursery rhymes with Jacus from Little Baby Bum!
s79,TV Show,Wonder Balls,,,,,2015,ALL,1 Season,"Animation, Kids","Enjoy parades of unique and fun ball characters! Wonder Balls bring the best performances to the stage. When they meet, they start playing right away. Brush Ball, Sponge Ball, Water Ball, Accordion Ball, Castanets Ball, Xylophone Ball and more join to complete stories of vivacious arts, exciting music and joyful play."
s80,Movie,Women of Valor,Buzz Kulik,"Susan Sarandon, Kristy McNichol, Terry O'Quinn",,,1986,16+,95 min,"Action, Drama","Susan Sarandon and Kristy McNichol star in this powerful drama sent during World War II, when a group of U.S. Army nurses in the Philippines are captured and imprisoned by Japanese troops."
s81,Movie,Woman Of Desire,Robert Ginty,"Jeff Fahey, Bo Derek",,,1994,R,99 min,"Drama, Suspense","A yacht captain, Jack Lynch, is accused of murdering his boss and raping the victim's wife, Christina Ford. Nothing is how it first appears. Jack seeks the help of veteran attorney Walter J. Hill to help prove his innocence."
s82,Movie,Woke Up Like This,John Elbert Ferrer,"Vhong Navarro, Lovi Poe",,,2017,13+,104 min,Comedy,"A story about Nando, who's a dutiful son and breadwinner to his family, and Sabrina, a rich kid and one of the top models in the country. While both prepare for their biggest breaks, these two strangers wake up one day in an extraordinary circumstance, switching bodies with each other. Philippines Tagalog movie."
s83,Movie,"Wizard of Loneliness, The",Jenny Bowen,"Lukas Haas, Lea Thompson",,,1988,PG-13,111 min,Drama,"Twelve year old Wendell is a confirmed cynic, sent to his grandparents Vermont farm during World War II. His only desire is to steal enough money to run away, until his loving grandparents, and young Aunt Sybil involve him in their lives."
s84,Movie,Within Our Gates,Oscar Micheaux,"Evelyn Preer, Flo Clements",,,1920,13+,78 min,Drama,"Abandoned by her fiance, an educated negro woman with a shocking past dedicates herself to helping a near bankrupt school for impoverished negro youths."
s85,TV Show,Wishenpoof,,"Addison Holley, Hope Cassandra, Scott McCord, Katie Griffin, Ethan Tavares, Devan Cohen, Roanna Cochrane, Millie Davis, Jason Priestley, Saara Chaudry, Kyle Lomas, Ava Priestley, Johnny Orlando, Kathy Laskey, Matthew MacFadzean, TJ McGibbon, Elizabeth Hanna, Caissie Levy, Ava Close, Nissae Isen, Jeff Geddis, Kristin Fairlie",United States,,2019,ALL,4 Seasons,Kids,"Bianca is just like any other little girl, except for one teensy little thing.Â  Bianca has Wish Magic, so she can make wishes come true! Whether sheâ€™s at home in Wish World, at the Willow Tree with her fairy friends, or at school with her non-fairy friends, Bianca and her hilarious teddy bear sidekick Bob navigate day-to-day problems."
s86,TV Show,Wisconsin Unexplained,,Michael Butt,,,2018,16+,1 Season,TV Shows,"Wisconsin is home to the Strange and unusual. UFO's Aliens, Ghosts, Spiritual encounters, demons, monsters. Wisconsin is a land of all of these legends. Wisconsin unexplained will share the stories of eye witnesses who lived through the unexplained."
s87,TV Show,Wipeout Canada,,"Ennis Esmer, Jonathan Torrens, Jessica Phillips",,,2011,ALL,1 Season,"Comedy, Documentary, Unscripted","Daring Canadian contestants are in pursuit of cash prizes on an extreme obstacle course designed to provide the most spectacular spills, face plants, and splashdowns."
s88,TV Show,Wipeout Australia,,"James Brayshaw, Josh Lawson, Kelly Landry",,,2009,7+,1 Season,"Comedy, Documentary, Unscripted","Based on the US game show of the same name, the Australian Wipeout is filmed in Argentina, where Aussie contestants battle ""the world's biggest obstacle course in order to win AUD $20,000."" Hosted by actor Josh Lawson and sports presenter James Brayshaw, the series will also feature Kelly Landry as an on-location reporter."
s89,Movie,Winterset,Alfred Santell,"Burgess Meredith, Eduordo Ciannelli",,,1936,NR,77 min,"Action, Drama","Immigrant radical Bartolomeo Romagna is falsely condemned and executed for a payroll robbery. Years later, his son Mio sets out to find the truth of the crime and to bring to account the gangster Trock Estrella."
s90,Movie,Winds Of The Wasteland,Mack V. Wright,"John Wayne, Phyllis Fraser, Lew Kelly, Douglas Cosgrove, Lane Chandler, Sam Flint, Bob Kortman, Ed Cassidy, Jon Hall, Merrill McCormick, Christian J. Frank, Jack Rockwell, Arthur Millett, Tracy Layne, Yakima Canutt, Horace B. Carpenter, Herman Hack, Henry Hall, Lloyd Ingraham, Jack Ingram, Cliff Lyons, Murdock MacQuarrie, Clyde McClary, Bud McClure, Art Mix, George Morrell, Bud Pope, Francis Walker, Joe Yrigoyen",,,1936,13+,55 min,Western,Wayne is the head of a stagecoach company and he and his friend fix up a stagecoach and compete with others for government contracts in the days of the Pony Express. The Duke was beginning to show more polish and confidence in this film and his fans will enjoy the action.
s91,Movie,Wind,Carroll Ballard,"Matthew Modine, Jennifer Grey, Cliff Robertson, Jack Thompson, Stellan SkarsgÃ¥rd, Rebecca Miller, Ned Vaughn, James Rebhorn, Ron Palillo",,,1992,PG-13,126 min,"Action, Drama, Sports","Will Parker loses the Americas Cup, the worlds biggest sailing prize, to the Australians and decides to form his own syndicate to win it back."
s92,Movie,William the Conqueror,Frederic Compain,,,,2015,13+,53 min,"Documentary, Special Interest","One of the most powerful rulers in all of European history, William the Conqueror, is profiled in this documentary. From his rulership at age eight, to his commanding victory in the battle of Hastings, William reinvented the structure of European royalty. From the battlefield to the royal court, William set the stage for the continent's future. This is his story."
s93,Movie,William Tecumseh Sherman: Beyond the March to the Sea,Jonathan Chase Cook,Jonathan Chase Cook,,,2019,13+,115 min,"Documentary, Special Interest","Soldier, banker, lawyer, professor; William Tecumseh Sherman was more than a Civil War General. Sherman voyaged the world, influenced the California Gold Rush, started banks and Louisiana State University. He advised and entertained presidents, and changed the dynamic of war. Later he set decades of policy in the American West. Few leaders have had such a contentious impact on America as Sherman."
s94,Movie,William Lee Martin: The Nutcracker - A Christmas Stand-up Comedy Spectacular,Brandon Jones,William Lee Martin,,,2019,16+,55 min,"Arts, Entertainment, and Culture, Comedy","The Texas comedian returns with his third television one-hour special talking all things Christmas including traditions, the pitfalls of having family over, and finding the ultimate gift in this one-of-a-kind stand-up special."
s95,Movie,William Lee Martin: Standing in the Middle,Brandon Jones,William Lee Martin,,,2019,18+,58 min,"Arts, Entertainment, and Culture, Comedy, Special Interest","The middle aged, middle class, Texas comedian talks about life, being married, raising his five kids, and surviving in the middle of an America that is always changing."
s96,Movie,William and Kate: Into the Future,Alan Scales,"Prince William, Kate Middleton",,,2011,ALL,49 min,"Documentary, International, Special Interest","From student to royal girlfriend and then to modern day princess, Kate Middleton has made a remarkable journey. In less than a decade, this normal girl from an ordinary background has won her prince charming and become the prospective Queen of England."
s97,Movie,Wildlike,Frank Hall Green,"Bruce Greenwood, Ella Purnell, Brian Geraghty",,,2021,16+,104 min,"Action, Drama","An unlikely friendship forms in the spectacular Alaskan wilderness, giving a runaway girl hope and sanctuary in America's last frontier."
s98,Movie,Wildfire 7,Jason Bourque,"Tracey Gold, Alexander Walters",,,2002,,95 min,"Action, Drama","A female prison inmate is recruited into a special fire fighting program, only to find her expertise is needed sooner than expected"
s99,TV Show,Wildest Places,,,,,2019,ALL,3 Seasons,"Documentary, Special Interest","In terms of rainfall, the Antarctic is the driest place on earth, yet it holds more than two-thirds of the planet's fresh water. With plunging temperatures and powerful winds, our southernmost land mass is an unrelenting habitat. Nevertheless, life persists, and extraordinary creatures answer the call of the seasons. This frozen tundra is the Wildest Antarctic."
s100,Movie,Wilder Napalm,Glenn Gordon Caron,"Debra Winger, Dennis Quaid, Arliss Howard, M. Emmet Walsh, Jim Varney",,,1993,PG-13,109 min,"Comedy, Science Fiction","Two brothers with the secret power of starting fires with their minds, reunite after years apart, only to find conflict with their differing lifestyles."
s101,TV Show,Wild North,,,,,2014,7+,1 Season,"Documentary, Special Interest","""Wild North"" moves through three biotopes; vast forests, rugged coastline and interior highlands shaped by shifting ice ages. These landscapes resonate deep within the Scandinavian soul, floating into view like illustrations from shared fairy tales. And so do the iconic animal species that feature strongly in each programme, stirring ancestral memories and reaffirming our connection with the land."
s102,TV Show,Wild Kratts,,"Chris Kratt, Martin Kratt, Athena Karkanis, Jonathan Malen, Heather Bambrick, Zachary Bennett, Eva Almos, Cory Doran, Gavin Kratt, Aidan Kratt, Ronan Kratt, Addison Holley, Maya Lowe, Paige Roughely, Emilia McCarthy, Zoe Fraser, Rachel Marcus, Nolan Kratt, Julie Lemieux, Amariah Faulkner, Christian Martyn, Jacob Ewaniuk, Jaclyn Forbes, Ian Hanson, Aiden Kratt, Charles Vandervaart, Jenna Warren",,,2011,TV-Y,1 Season,Kids,"The real-life Chris and Martin introduce each Wild Kratts episode with a live action segment that imagines what it would be like to experience a never- before-seen wildlife moment, and asks, ""What if...?"" The Kratt brothers transition into animation and the adventure begins, bringing early-elementary school children into the secret lives of extraordinary creatures, many of which have never been animated before - including proboscis monkeys, draco lizards and caracals!"
s103,Movie,Wild Geese,Andrew V. McLaglen,"Richard Burton, Roger Moore, Richard Harris",,,2012,18+,135 min,Action,"Screen legends Richard Burton, Roger Moore and Richard Harris star as a team of aging mercenaries hired by a wealthy industrialist for one final mission: Recruit and train a squad of desperate commandos, parachute into an unstable African nation, snatch its deposed President from a maximum security army prison, escape via the military-controlled airport, and massacre anyone who gets in their way."
s104,Movie,Wild Colombia Revealed,Mike Slee,,,,2016,7+,91 min,"Documentary, Special Interest","Nestled at the top of South America, Colombia is a dream for ecologists everywhere. Filmed at over 85 locations with 150 hours of footage, this ambitious natural history feature showcases 38 different species from 20 documented ecosystems. From jaguars in the shadows hunting their prey to the silver arowana fish mouth-brooding its young, this film reveals the wonder and majesty of Colombia."
s105,TV Show,Wild Boys,,"Daniel MacPherson, Michael Dorman, Alexander England, Zoe Ventoura, Anna Hutchison, Jeremy Sims, Nathaniel Dean, David Field, Caroline Brazier, Krew Boylan",,,2011,13+,1 Season,"Drama, Western","Wild Boys is an Australian television period drama series set in Australia 1860s, in and around the fictional town of Hopetoun. The show follows a gang of bushrangers as they stage hold-ups determined to keep ahead of the troopers or wind up at the end of a noose."
s106,Movie,Why We Fight,Eugene Jarecki,"Gore Vidal, John McCain, Ken Adelman",,,2006,PG-13,99 min,Documentary,"Winner of the 2005 Grand Jury Prize at the Sundance Film Festival, Eugene Jarecki's groundbreaking documentary dissects the political, economic and historic reasons behind our increasingly aggressive military strategy since the end of World War II."
s107,TV Show,Why I Ran,,,,,2008,TV-PG,1 Season,TV Shows,"Across the country, real-life high-speed police chases rivet viewers to their TV screens. We've heard the eyewitness accounts, seen the police point of view, but no one has ever been able to go inside the mind of the driver, until now."
s108,Movie,Whoop!,Kreeti Gogia,Abish Mathew,India,,2018,18+,64 min,"Arts, Entertainment, and Culture","Abish Mathew is the world's greatest stand-up comedian (*citation needed) and this is the world's greatest stand up special (*this definitely needs a citation). Every great punchline has a great set up! And in this one-hour special, we find out how Abish was set up to be a punchline his whole life."
s109,Movie,Who Wrote the New Testament?,"Caryl Ebenezer, J. Mervyn Williams",,,,2016,ALL,131 min,"Drama, Special Interest","How did a collection of 27 compositions, letters, and narratives come to change the course of history? This feature-length film explores often controversial questions and debates at the heart of modern biblical studies. Who were the people that drove the spread of this seminal Christian text and how do modern scholars interpret the texts and other artifacts at the heart of this mysterious history."
s110,Movie,Who Put The Klan Into Ku Klux Klan,Ian Lilley,Neil Oliver,,,2018,13+,59 min,Documentary,"In this surprising documentary, archaeologist and historian Neil Oliver examines the links between racism today in the Deep South and the Scots who first occupied it."
s111,Movie,Who Killed Doc Robin,Bernard Carr,,,,1948,NR,52 min,Comedy,"A group of people find themselves trapped in a creepy mansion, complete with secret passageways, a mad doctor and a murderous gorilla."
s112,Movie,Whitney Cummings: Money Shot,John Fortenberry,Whitney Cummings,,,2010,,48 min,"Arts, Entertainment, and Culture, Comedy, Special Interest","Money Shot finds Cummings riffing on a wide range of topics chiefly, the differences between men and women and how both tend to behave in relationships."
s113,TV Show,Whitechapel,,"Rupert Penry-Jones, Phil Davis, Steve Pemberton, Claire Rushbrook",,,2013,TV-14,4 Seasons,"Drama, Suspense","This season sees the team confronted by twisted, gothic murders that reach right into their fears and superstitions. Someone is killing suspected witches; flayed bodies suggest someone is more interested in the victims' skin than in their death; and the sewers of Whitechapel threaten the team with an additional layer of horror. Who or what is really behind the evil that surfaces in Whitechapel?"
s114,Movie,White Tiger,Karen Shakhnazarov,"Aleksey Vertkov, Vitaliy Kishchenko, Valeriy Grishko",,,2021,16+,109 min,"Action, Science Fiction","Great Patriotic War, early 1940s. After barely surviving a battle with a mysterious, ghostly-white Tiger tank, Red Army Sergeant Ivan Naydenov becomes obsessed with its destruction."
s115,Movie,White Savior: Racism In The American Church,Aaron J. Christopher,Ashe Jaafaru,,,2019,16+,62 min,"Documentary, Faith and Spirituality, Special Interest","Despite the progress many see in the US over the years, it' become increasingly clear that the deep roots of racism and white supremacy continue to run through our political, cultural, and religious institutions. White Savior explores the historic relationship between racism and American Christianity, the ongoing segregation of the church in the US, and the complexities of racial reconciliation."
s116,TV Show,White Dragon,,"John Simm, Anthony Wang, Emilia Fox, Katie Leung, Anthony Hayes, Tim McInnerny, Tom Wu, Kae Alexander, Jason Wong, Thomas Chaanhing, Ryan McKen, Magdalene Bird, Max Keeble, Elliott Brough, Nick Reed, David Keeling, Rosalind Halstead, John Moraitis, Nicholas Bailey, Christophe R. Tek, Chike Chan, Arthur Lee, Daniel York, Tony Ho, Orion Lee",,,2019,16+,1 Season,Drama,"Professor Jonah Mulrayâ€™s life is turned upside down when he discovers his wife, Megan Harris, has been killed in a car-crash in Hong Kong."
s117,Movie,Whistle Stop,Leonide Moguy,"Ava Gardner, George Raft, Victor McLaglen, Tom Conway, Jorja Curtright",,,1946,13+,84 min,Drama,"This film noir finds sexy and beautiful Mary returning to her small hometown wearing a mink coat, looking for new ways to get money. Soon after, she hooks back up with her old lover Kenny Veech (Raft), but finds he is still an unemployed, lazy drinker and gambler, whospends most of his days at the local nightclub. While at the nightclub, she meets owner Lew Lentz (Conway), and seeing an opportunity, starts an affair with him. Soon Mary has both Kenny and Lew jealous and competing for her, ending up in a couple of fistfights. Lew's bartender, Gitlo (McLaglen) recruits Kenny in a scene to rob Lew of the $15,000 he raised in sponsoring a local carnival. However, Lew finds out about the plot, and has both men framed for murder."
s118,Movie,Where Love Found Me,David Bolt,"Kaitlin Cheung, Andrew Cheney, James Kyson, Brian Fong, Jennifer Klekas, Max Mendoza, Marcus Natividad, Ronnie Lazaro, Madeleine Nicolas",,,2018,PG-13,85 min,"Action, Drama, Special Interest","Daring escapes, hilarious stunts and danger turn a Hollywood director's world upside down when he meets a band of street kids living in the slum. Inspired by true events and filled with laughter and faith, Where Love Found Me invites you to experience the adventures of street life and reimagine the meaning of family."
s119,Movie,Where is Chicky? - Chapter Two,William Hoareau,,,,2019,ALL,22 min,"Animation, Kids","Nobody knows where Chicky is exactly. We just know he is cute and deeply naÃ¯ve. In this compilation, follow Chicky the cartoon bird as he explores the microwave, the espresso machine, the yule log and many more!"
s120,Movie,Where is Chicky? - Chapter Three,William Hoareau,,,,2019,ALL,22 min,"Animation, Kids","Nobody knows where Chicky is exactly. We just know he is cute and deeply naÃ¯ve. In this compilation, follow Chicky the cartoon bird as he encounters a magnet, tennis ball launcher, rocket, and many more!"
s121,Movie,Where is Chicky? - Chapter One,William Hoareau,,,,2019,ALL,22 min,"Animation, Kids","Nobody knows where Chicky is exactly. We just know he is cute and deeply naÃ¯ve. In this compilation, follow Chicky the cartoon bird as he works his way around the bin, the light bulb, the iron, and many more!"
s122,Movie,Where is Chicky? - Chapter Four,William Hoareau,,,,2019,ALL,22 min,"Animation, Kids","Nobody knows where Chicky is exactly. We just know he is cute and deeply naÃ¯ve. In this compilation, follow Chicky the cartoon bird as he plays mini golf, plays in the pinball machine, falls into a birthday cake, and many more!"
s123,Movie,Where Hands Touch,Amma Asante,"Amandla Stenberg, George McKay, Abbie Cornish",,,2019,PG-13,122 min,"Drama, Young Adult Audience","When the daughter of a white German mother and an African father meets a member of the Hitler Youth - compulsory for all Aryan boys in 1944 Germany, they must battle against the fates laid out before them during the most brutal of times."
s124,Movie,When the Lights Go On Again,William K. Howard,"James Lydon, Barbara Belden, Regis Toomey, George Cleveland, Warren Mills, Jill Browning",,,1944,16+,103 min,"Drama, Military and War","Ted and Arline, a young couple in love, decide to impulsively get married, despite the disapproval of their families. However, soon thereafter, Ted is drafted into the army and sent overseas to war. Months later, after suffering and surviving on the front lines, he is sent back home, suffering from shell shock. On the train ride home, Ted goes through the various memories of his life to cope. Once home, he tries to adjust to married life and his friends and loved ones give him the support and love he needs to fully recover. A heart-warming war-time story."
s125,Movie,When in your reflection,RocÃ­o de Prat Gay,"Clara de la RÃºa, Victoria Isabella Villa, Marta Tricerri",,,2019,16+,9 min,Drama,Images of a mother and daughter's relationship are intertwined between the mundane routine of work at a museum.
s126,Movie,When Did You Last See Your Father?,Anand Tucker,"Jim Broadbent, Colin Firth, Gina McKee",,,2008,PG-13,92 min,"Arthouse, Drama","Based on the award-winning novel, When Did You Last See Your Father? is an unflinching exploration of a father/son relationship, as Blake Morrison (Colin Firth) deals with his father Arthur's (Jim Broadbent) terminal illness and imminent death."
s127,Movie,When a Woman Loves A Man,Jamall Rashaud McMillan,"J. Wells Jr., Tina Christine, Dani Coleman, Jeffrey Creightney, Kemuel Crossty",,,2019,13+,90 min,Drama,Janet and Michael are a young couple trying to balance their life and love with one another. When challenges come up that threaten that bond they have to figure out how to keep their love strong or let it go. They have to figure out what love is.
s128,Movie,WHATEVER FATHER,Harold Trompetero,"Hassam, Carlos RamÃ­rez, Bebsabe Duque",,,2018,ALL,102 min,Comedy,"Matias, a 10-year-old runs away from home in a huff and ends up getting on a bus, eventually he get lost, until he is found by Rogelio, a man who works as a clown restaurant."
s129,TV Show,What's Up In Space: The Solar System For Kids,,,,,2010,TV-G,1 Season,"Documentary, Kids, Special Interest","What's Up In Space? is a refreshing series that introduces young learners to the solar system. These fascinating topics are presented at a developmentally appropriate level, using a combination of live action, colorful illustrations and computer created animations. Each program answers important questions in a fun, innovative style. An award-winning series used in classrooms and households."
s130,TV Show,What's My Line?,,John Daly,,,1955,TV-G,1 Season,Unscripted,Four celebrity panelists try to guess the occupation of a guest by asking questions that result in yes or no answers.
s131,TV Show,What Went Wrong: Countdown to Catastrophe,,John Young,,,2019,13+,1 Season,"Documentary, Special Interest","This series dives deep into six catastrophic events that stunned the world, a high adrenaline series about the interface between man and machine. Each disaster is retold by survivors and first responders, but eventually turns its focus on the machines, the high tech infallible constructions that suffered catastrophic failure because of engineering errors that were entirely preventable."
s132,TV Show,What The Constitution Means To Me,,"Heidi Schreck, Mike Iveson, Rosdely Ciprian, Thursday Williams",,,2020,16+,1 Season,Comedy,"Fifteen-year-old Heidi Schreck earned her college tuition by winning Constitutional debate competitions across the United States. In this hilarious, hopeful, and achingly human show, Heidi resurrects her teenage self in order to trace the profound relationship between four generations of women and the founding document that shaped their lives."
s133,Movie,What Price Crime,Albert Herman,"Charles Starrett, Noel Madison, Virginia Cherrill, Charles Delaney, Jack Mulhall, Nina Guilbert, Henry Roquemore",,,1935,18+,65 min,Suspense,"Government agent Allan Grey (Starrett) decides to go undercover to catch a gang of firearms smugglers. Grey poses as an aspiring prizefighter, catching the eye of gang leader Douglas Worthington (Madison), who decides to take Grey under his wing and into his confidence. However, complications occur when Grey falls for Worthington's sister Sondra (Cherrill), and he must choose between his duty and his love for Sondra."
s134,Movie,What Comes Around,Jerry Reed,"Barry Corbin, Cherie Elledge-Grapes, Buck Ford, Leonard P. Geer, John C. Hill, Bo Hopkins, Arte Johnson, Jerry Reed",,,1985,13+,114 min,"Action, Adventure, Comedy","A brother of a successful singer, who has become an alcoholic after 25 years in the business, kidnaps him in order to dry him out. They discover that his manager has cheated him out of 8 million dollars over the years, so they seek revenge."
s135,TV Show,WGC-Dell Technologies Match Play Reveal Show,,,,,2021,TV-NR,1 Season,Sports,"Host Jonathan Coachman and PGATOUR.COM Senior Writer Ben Everill break down the brackets for the 2021 World Golf Championships Dell Technologies Match Play at Austin Country Club with some special guests, including defending champion Kevin Kisner."
s136,Movie,Western Gold,Howard Bretherton,"Smith Ballew, Heather Angel, LeRoy Mason, Howard P. Hickman, Ben Alexander",,,1937,18+,56 min,"Military and War, Western","Union soldier Bill Gibson (Ballew) is personally sent west by President Lincoln to stop much-needed gold shipments from being stolen by Confederate spies. Upon arriving, Bill meets pretty Jeannie Thatcher (Angel), and begins his investigation. Bill is shocked to learn that his old childhood friend Fred Foster (Mason) is the leader of the vicious band of rebel raiders, who never leave a witness alive. Due to this, no one will transport the next gold shipment, and Bill steps up to the task, creating a secret route to ensure the shipment's safety. Fearing for Bill's safety, Jeannie gives Foster information on the secret route, not knowing Foster is the rebel leader. A final showdown between two old friends becomes inevitable. Smith Ballew's first film."
s137,Movie,West of Nevada,Robert Hill,"Rex Bell, Joan Barclay",,,1936,NR,59 min,"Action, Comedy, Drama","When a gang tries to rob Haldain, Jim and Walla Walla break it up. Haldain is carrying stuffed animals and Jim's suspicion that they are stuffed with gold is soon confirmed."
s138,TV Show,Wendy,,"Christa Clahane, Abbe Hoekstra, Zena Drive, Kyle Orzeck",,,2016,ALL,1 Season,"Animation, Kids","The series focuses on Wendy and the extraordinary life she leads in her equestrian-centric world. At 15, she's already an accomplished show-jumper. Lucky for her, she lives at Rose Valley - the stables and riding school owned and operated by her father - where there are always plenty of horses and drama galore!"
s139,TV Show,WellieWishers,,,,,2017,ALL,2 Seasons,Kids,"Join the WellieWishersâ„¢ as they imagine, sing, dream and discover just what it takes to be kind. When the WellieWishers step into their colorful garden boots, theyâ€™re ready for anything â€“ stomping in muddy puddles, dancing with fireflies and navigating the ins and outs of friendship through play and imagination."
s140,Movie,Welcome to the Space Show (English Dub),KÃ´ji Masunari,"Keiji Fujiwara, Michael Sinterniklaas",,,2011,13+,136 min,Anime,"A group of kids are whisked away to a space colony on the dark side of the moon, an interstellar melting pot with a non-stop parade of alien creatures, jellyfish spaceships, and dragon trains, marking for a glorious and wondrous adventure."
s141,TV Show,Welcome to the Ballroom,,Shinba Tsuchiya | Ayane Sakura | Nobuhiko Okamoto | Kentaro Tomita | Sumire Morohoshi,,,2017,TV-NR,1 Season,TV Shows,"â€œDance is a passion!â€ Tatara is an average middle school student with no particular dreams until an unexpected incident draws him into the fascinating world of ballroom dancing. â€œIf I can just find one thing to be passionate aboutâ€¦â€He dives into the world of dance, believing itâ€™s his opportunity to change."
s142,Movie,Welcome To Kutsher's: The Last Catskills Resort,"Caroline Laskow, Ian Rosenberg","Freddie Roman, Mark Kutsher, Helen Kutsher, Larry Strickler, Celia Duffy, Krazy Tyrone",,,2015,13+,70 min,"Documentary, Special Interest","Kutsher's Country Club is the last surviving Jewish resort in the Catskills. Exploring the full Dirty Dancing-era Catskills experience â€“ and how it changed American pop culture in the comedy, sports and vacation industries â€“ this award-winning documentary captures a last glimpse of a lost world as it disappears before our eyes."
s143,Movie,Wedding Cha Shinema,Saleel Kulkarni,"Shivraj Waichal, Rucha Inamdar, Mukta Barve, Purnima Ahire, Adesh Aware",India,,2019,ALL,138 min,"Comedy, International","An aspiring filmmaker reluctantly takes up the assignment of filming a wedding in a small town. Once she gets there, she is drawn into the celebration, chaos and drama surrounding the family gathering."
s144,Movie,We'll Take Manhattan,John McKay,"Frances Barber, Aneurin Barnard, Fiona Button",,,2012,16+,89 min,"Drama, Romance",A look at the love affair between 1960s supermodel Jean Shrimpton and photographer David Bailey.
s145,Movie,We Need to Talk About Kevin,Lynne Ramsay,"Tilda Swinton, John C. Reilly, Ezra Miller",,,2012,R,113 min,"Drama, Horror, Suspense","In this Golden Globe nominated psychological thriller, Oscar winner Tilda Swinton plays the mother (Eva) of the evil Kevin (Ezra Miller). Eva contends with her clueless husband (John C. Reilly) and her son's malevolent ways, as the narrative builds to a chilling and unforgettable climax."
s146,TV Show,Wayne (4K UHD),,"Mark McKenna, Ciara Bravo, Jon Champagne",,,2019,TV-MA,1 Season,Drama,"Wayne is the gritty and sometimes bloody tale of WAYNE (Mark McKenna), a 16 year-old Dirty Harry with a heart-of-gold, who sets out on a dirt bike to Ocala, Florida with his new crush DEL (Ciara Bravo) to take back the 1979 Trans-Am that was stolen from his father before he died."
s147,Movie,Watermelon Man,Melvin Van Peebles,"Godfrey Cambridge, Estelle Parsons, Howard Caine",,,1970,R,100 min,Comedy,"When racist white insurance agent Jeff Gerber wakes up one morning to discover that his skin has turned black, he experiences bigotry first hand as his family, neighbors, and employers react to his transformation. Now suffering from the effects of racial discrimination, Jeff must reassess his priorities in life."
s148,Movie,Waterfalls for Sleep 8 Hours,Mark Knight,,,,2016,ALL,480 min,"Documentary, Special Interest","Featuring uninterrupted ultra dark video of nighttime waterfalls accompanied by the natural sounds recorded on location This video helps create healthy sleep habits by reducing the blue-spectrum light waves-known to inhibit REM sleep. By following the five stages of sleep patterns, this calming video will help you relax into a deep sleep. Filmed on location in the Blue Ridge Mountains"
s149,Movie,WATER (short),Mark Knight,,,,2017,ALL,4 min,Documentary,"This International Award-Winning short film features some of the planet's most spectacular glaciers, waterfalls, beaches and waterways. Destinations include, Iceland, Iguazu Falls, Atchafalaya Basin Louisiana, Lake Tahoe California, Black Canyon of the Gunnison Colorado, and Punta Cana, Dominican Republic. Screened at over 87 Film Festivals Worldwide. Music score Peter Simmer Wieland Reisssmann."
s150,TV Show,Watch the Game Like Never Before with X-Ray,,,,,2020,TV-NR,1 Season,TV Shows,"X-Ray delivers the most advanced viewing experience available on your Fire TV, Web, iOS and Android mobile devices. Click up on your remote or just turn your mobile device to access next generation live stats, replays on-demand and more!"
s151,Movie,Wash Your Hands & More Classic Kids Songs - KiiYii,Moonbug Entertainment,,,,2020,ALL,30 min,Kids,"A new collection of colorful and wonderfully engaging nursery rhymes and children's songs that will thrill your child while educating them in their numbers, ABCs and general learning! From the creators of LittleBabyBum, KiiYii allows the child's imagination to go further!"
s152,Movie,War of Likes,MarÃ­a Ripoll,"Ludwika Paleta, Regina BlandÃ³n, Manolo Cardona, Michelle RodrÃ­guez, Loreto Peralta, Mauricio â€œDiablitoâ€ Barrientos, Catalina LÃ³pez, Patricia Bernal, HÃ©ctor JimÃ©nez, Siouzanna MelikiÃ¡n, Paulette HernÃ¡ndez, Pamela CortÃ©s, JosÃ© Sefami, Pablo Cruz, Elsa OrtÃ­z, Enrique Olvera, Miguel BosÃ©",,,2021,16+,104 min,Comedy,"In order to advance her career in the dynamic world of publicity in Mexico City, Raquel tries to reunite with her high school friend Cecy who has become the queen of social media. But unlike followers, friendships do not come instantly."
s153,Movie,War Comes to America,Frank Capra,"Dean Acheson, General Bergeret",,,1945,NR,65 min,"Documentary, Special Interest","Part VII of the ""Why We Fight"" series of wartime documentaries. This entry attempts to describe the factors leading up to America's entry into the Second World War."
s154,Movie,War (Telugu),Siddharth Anand,"Hrithik Roshan, Tiger Shroff, Vaani Kapoor, Ashutosh Rana, Anupriya Goenka, Yash Raaj Singh, Mashhoor Amrohi, Sanjeev Vatsa, Soni Razdan, Dipannita Sharma, Arif Zakaria, Amit Gaur",,,2019,13+,152 min,"Action, Drama, Suspense","An elite shadow unit of RAW led by agent Kabir (Hrithik Roshan) focusses on maximum risk missions. Khalid (Tiger Shroff), a soldier with a murky past, struggles to get into Kabirâ€™s team and finally manages to convince him of his dedication & loyalty. Now, when Kabir mysteriously goes rogue, Khalid is assigned the task of hunting down his mentor. Can he track him? A deadly war begins."
s155,Movie,War (Tamil),Siddharth Anand,"Hrithik Roshan, Tiger Shroff, Vaani Kapoor, Ashutosh Rana, Anupriya Goenka, Yash Raaj Singh, Mashhoor Amrohi, Sanjeev Vatsa, Soni Razdan, Dipannita Sharma, Arif Zakaria, Amit Gaur",,,2019,13+,152 min,"Action, Drama, Suspense","An elite shadow unit of RAW led by agent Kabir (Hrithik Roshan) focusses on maximum risk missions. Khalid (Tiger Shroff), a soldier with a murky past, struggles to get into Kabirâ€™s team and finally manages to convince him of his dedication & loyalty. Now, when Kabir mysteriously goes rogue, Khalid is assigned the task of hunting down his mentor. Can he track him? A deadly war begins."
s156,Movie,Walter Williams: Suffer No Fools,Tony Machi,"Walter Williams, Thomas Sowell, Charles Murray, Shelby Steele, Larry Elder, Douglas H. Ginsburg, Jack Hirshleifer, Manny Klausner, Thomas C. Rustici, Willette Klausner, Steve Javie",,,2014,13+,55 min,Special Interest,"On the major social and political issues of our time, economist, author, and columnist Walter Williams is one of America's most provocative thinkers. The story of Walter Williams' life unfolds through exclusive, on-location interviews with Williams and many others, referencing the turbulent, discriminatory events of the 1960s that so influenced his thinking and his life."
s157,Movie,Walter,Anna Mastro,"Andrew J. West, Peter Facinelli, Virginia Madsen, William H. Macy",,,2015,,86 min,"Comedy, Drama",A ticket-taker at the local cinema believes he is the son of God. He has agreed to decide the eternal fate of everyone he comes in to contact with.
s158,TV Show,Wallace & Gromit's Cracking Contraptions,,Peter Sallis,,,2002,TV-NR,1 Season,"Animation, Comedy, Kids","With multiple Academy Awards under their belt, Wallace and Gromit are one the of the best-loved comic double-acts in the world. Fans of their TV specials and feature films will not want to miss these rarely-seen short films, each of which introduces a new invention from Wallace intended to make everyday life a little easier such as the Autochef, the Soccamatic, and the Snoozatron. Predictably enough, these mini-masterpieces never perform quite as expected, and it is down to Wallace's long-suffering dog Gromit to pick up the pieces."
s159,TV Show,Wallace & Gromit: The Complete Collection,,Peter Sallis,,,2008,TV-NR,1 Season,"Animation, Comedy, Kids","Academy Award winning eccentric inventor Wallace, and his faithful, four-legged friend Gromit have specially re-mastered all four of their smashing half-hour specials."
s160,Movie,Wallaby Jim of the Islands,Charles Lamont,"George Houston, Ruth Coleman, Douglas Walton, Wilhelm von Brincken, Mamo Clark, Colin Campbell, Syd Saydor",,,1937,13+,68 min,"Action, Suspense","Wallaby Jim (Houston) and his tough crew of fisherman are always on the lookout for new pearl beds in the South Pacific, due to an excessive gambling debt incurred by their pearl broker, Norman. They finally discover the ""mother lode"" of pearls, and realize there are enough pearls to pay off the debt and set them up for life. However, trouble brews on the horizon when Wallaby's chief competitor, Adolf Richter, and his vicious indentured crew try to violently take over the operation and get the pearls for themselves. Fights, action, excitement, romance, and 4 songs sung by former cowboy crooner Houston make this an entertaining adventure film."
s161,Movie,Wall Street Cowboy,Joseph Kane,"Roy Rogers, George ""Gabby"" Hayes, Raymond Hatton, Ann Baldwin, Pierre Watkin, Craig Reynolds, Louisiana Lou, Ivan Miller, Reginald Barlow",,,1939,18+,57 min,Western,"Roy Rogers travels back east with his old friend Gabby (Hayes) and Chuckawalla (Hatton) to try to raise funds to help pay off his mortgage. Unknown to Roy, his ranch is filled with a rich mineral deposit called Molybdenum, which has many profitable uses. A criminal Wall Street stock cartel knows of the deposit, and tries every swindle they can to obtain the property by foreclosure, including blocking any attempts Roy makes to acquire a loan. As a last resort, Roy turns to a former enemy named Hammond (Watkin) for help. Roy sings several songs in this film."
s162,Movie,Walkaway Joe,Tom Wright,"Jeffrey Dean Morgan, David Strathairn, Julian Feder, Julie Ann Emery",,,2020,16+,89 min,"Action, Drama","In the tradition of American classics, WALKAWAYJOE is the story of an unlikely friendship between a young boy searching for his father, and a wandering loner hiding from his past. In each other they experience the power of a second chance, and a shot at redemption."
s163,TV Show,Wake In Fright,,"Sean Keenan, Alex Dimitriades, Caren Pistorius, Gary Sweet, Anna Samson, Lee Jones, Jada Alberts",,,2017,16+,1 Season,"Action, Drama, Suspense","A young schoolteacher finds himself marooned in a small mining town in the outback, where a string of dangerous events render him a broken, desperate man."
s164,TV Show,Wakaalat From Home,,"Sumeet Vyas, Nidhi Singh, Kubbra Sait, Gopal Datt, Anuvab Pal, Rit Bahadur Bayalkoti, Dipesh Bhujal, Akarsh Khurana, Shifu - Cat",,,2020,16+,1 Season,Comedy,"WFH (Wakaalat From Home) is the story of Sujin and Radhikaâ€™s divorce. It is not amicable with claims and counterclaims. The judge decides, this not being a critical case, to move their court hearing to Zoom. Over 10 court sessions, while the lockdown ensues, their divorce case will be heard, while their lawyers have designs of their own."
s165,Movie,Waiting on Mary,Corey Horton,"Brian Shea, Emilee Dupre', Ned Averill-Snell, Bob Devin Jones, Bonnie Agan, Jim Wicker, Matt Lunsford",,,2016,18+,77 min,"Comedy, Drama",An actor in denial of his recent divorce retreats into the persona of a colonial scout and explores his new futuristic landscape.
s166,Movie,Waiting for You,Charles Garrad,"Colin Morgan, Fanny Ardant, Abdelkrim Bahloul, Clare Holman","United Kingdom, France",,2018,13+,92 min,"Drama, Romance, Suspense","Paul (Morgan) investigates his late father's increasingly disturbing past and becomes suspicious of the mysterious, melancholic, and possibly dangerous Madeleine (Ardant)."
s167,Movie,Waiting for Lightning,Jacob Rosenberg,"Danny Way, Tony Hawk, Rob Dyrdek, Travis Pastrana, Laird John Hamilton, Paul Rodriguez Jr.",,,2012,PG-13,96 min,"Documentary, Sports","This is the inspirational story of Danny Way, a young boy from a broken home whose passion for skateboarding would one day bring him fame and a lifetime of accomplishments. A visionary skateboarder whose love of big air in half-pipes and on gigantic ramps have garnered him fame and fans around the world, Way decides to attempt the impossible: jump China's Great Wall on a skateboard."
s168,Movie,Waiting for Anya,Ben Cookson,"Noah Schnapp, Thomas Kretschmann, Frederick Schmidt, Anjelica Huston, Jean Reno",,,2020,13+,109 min,"Action, Drama","From the author of War Horse, a shepherd-boy risks everything to help smuggle Jewish children into Spain from German-occupied France."
s169,Movie,Wait For Your Laugh,Jason Wise,"Rose Marie, Carl Reiner, Dick Van Dyke, Dan Harmon",,,2018,13+,85 min,"Arts, Entertainment, and Culture, Documentary","Rose Marie, the untold story of fame, love, tragedy and 90 years of American entertainment through the eyes of the woman who did it all."
s170,TV Show,Wahlburgers,,"Mark Wahlberg, Donnie Wahlberg, Paul Wahlberg",,,2017,TV-PG,7 Seasons,"Documentary, Drama, Unscripted",Wahlburgers follows the Wahlbergs in the city that witnessed their rags-to-riches story as they plan to make their restaurant a success in Boston and beyond.
s171,TV Show,Waco: Madman or Messiah,,,,,2018,TV-14,1 Season,"Documentary, Special Interest",The raid of Mount Carmel develops into a 51-day stand-off between the Branch Davidians and the FBI. A direct line of communication is established between FBI negotiators and David Koresh on the inside.
s172,TV Show,Voyage of the Continents,,,,,2013,13+,1 Season,"Documentary, Special Interest","This extraordinary series is a sweeping account of the rise of Earth's continents. They are the product of a grand waltz of plate tectonics and the continual evolution of Earth's crust. As landmasses assemble and separate, they fuel volcanoes and spark earthquakes, building mountains and tearing valleys. We see the Earth, eons in the making, through the eyes of geologists and other scientists."
s173,Movie,Voyage Into Space,Minoru Yamada,"Akio Ito, Kaneko Mitsundbu",,,1970,13+,98 min,Science Fiction,"A little Japanese boy, Johnny Sokko, and his giant flying robot prevent the monster Dracolon from destroying Tokyo."
s174,Movie,Vows of Deception,Bill Norton,"Cheryl Ladd, Nick Manusco, Nancy Cartwright, Vyto Ruginis, Mike Farrell, Cady Huffman",United States,,1996,PG-13,94 min,"Drama, Suspense","When a prominent lawyer is found murdered, his wife is promptly arrested and charged with the crime. She swiftly accuses her stepson, with whom she claims to be having an affair. This sheds enough reasonable doubt to get her case dismissed on grounds of a mistrial, but three years later, prosecutors arrest and charge her again. Will she be so lucky on her second go?"
s175,Movie,Volcano: Fire on the Mountain,Graeme Campbell,"Dan Cortese, Cynthia Gibb, Brian Kerwin",,,1997,16+,88 min,"Action, Science Fiction, Suspense","A USGS scientist attempts to convince his boss and the residents of Angel Falls, California that a nearby volcano is about to erupt."
s176,Movie,Voice From the Stone,Eric D. Howell,"Emilia Clarke, Marton Csokas, Caterina Murino, Remo Girone","United States, Italy",,2017,R,90 min,"Drama, Suspense","Set in 1950s Tuscany, Voice from the Stone is the haunting and suspenseful story of Verena, a solemn nurse drawn to aid a young boy who has fallen silent since the sudden passing of his mother."
s177,TV Show,Vocabulary and Numbers with Harry the Bunny and Friends,,,,,2018,ALL,2 Seasons,TV Shows,"Harry the Bunny and Larry the parrot laugh, play and learn all about pros who can help us in everyday life."
s178,Movie,VocabuLarry,BabyFirst,,,,2012,ALL,31 min,Kids,Join VocabuLarry as he explores new objects and learns the names of them - from apple and bottle to train and flower.
s179,Movie,Viswasam,Siva,"Ajith Kumar, Nayanthara",India,,2019,13+,151 min,"Action, Drama, International","A village ruffian, who settles disputes in his native, takes on a big shot when he tries to sort out the rough patch in his marriage after several years."
s180,Movie,Visit to a Chief's Son,Lamont Johnson,"Richard Mulligan, Johnny Sekka",,,1974,G,92 min,Drama,"An anthropologist (Richard Mulligan) takes his son with him on an African safari to view the secret rituals of the Massai tribe. Une xpectedly, the tribe will teach his aloof son important and humanizing lessons about life."
s181,Movie,Virus,Aashiq Abu,"Revathy, Kunchako Boban, Parvathy Thiruvoth",India,,2019,ALL,149 min,"Drama, Science Fiction, Suspense","Virus is a fiction based on true events, revolving around the deadly Nipah virus epidemic scare in Calicut, in 2018. A zoonotic disease top-listed by WHO, with no vaccination and treatment protocol, the deadly Nipah kills 75 % of those affected. Virus movie documents how the community spirit of a small town, in a tiny state of India, managed to fight the battle and win."
s182,Movie,Virginia,Dustin Lance Black,"Jennifer Connelly, Emma Roberts, Ed Harris, Carrie Preston",,,2012,R,111 min,Drama,"A single mother struggles to raise her son Emmett while dreaming of escaping her small Southern boardwalk town. Her long time affair with the very married, Mormon Sheriff Richard Tipton is thrown into question when he decides to run for public office. Things are further complicated when Emmett begins a romantic relationship with Tipton's daughter."
s183,Movie,Violets Are Blue,Jack Fisk,"Sissy Spacek, Kevin Kline, Bonnie Bedelia",,,1986,PG-13,86 min,"Drama, Romance",Two former high school sweet-hearts (Sissy Spacek and Kevin Kline) are reunited after fifteen years and discover they are still in love.
s184,TV Show,VINLAND SAGA,,"Shizuka Ishigami, Yuto Uemura, Kenichiro Matsuda, Naoya Uchida, Kensho Ono",,,2019,TV-NR,1 Season,Anime,"Around the end of the millennium, Viking, the mightiest but atrocious tribe, had been outbreaking everywhere.Thorfinn, the son of the greatest warrior, lived his childhood in the battlefield. He was seeking the land of reverie called Vinland.This is the story of a true warrior in an age of turmoil."
s185,Movie,Vinci Da,Srijit Mukherjee,"Rudranil Ghosh, Ritwick Chakraborty, Sohini Sarkar, Anirban Bhattacharya, Riddhi Sen",,,2019,16+,113 min,"International, Suspense","At the time when Vinci Da, an extremely talented make-up artist, struggling in his professional life, faces disasters because of his straight forwardness and arrogance; enters Adi Bose, a serial killer, changing Vinci Da's life forever."
s186,TV Show,Vikings,,"Alex HÃ¸gh, Alexander Ludwig, Jasper PÃ¤Ã¤kkÃ¶nen",,,2020,TV-14,9 Seasons,"Action, Drama","Season six returns following the battle between brothers which has left Bjorn as the new leader of Kattegat. But Bjorn struggles to fill his late fatherâ€™s shoes. And Ivar meets his match in Prince Oleg, a ruthless and unpredictable Russian ruler!"
s187,Movie,Vietnam: Secret Negotiations that Ended the War,Daniel Roussel,,,,2015,PG-13,53 min,"Documentary, International, Special Interest","While the war raged on, Henry Kissinger, national security advisor to President Nixon, and LÃª Duc Tho, member of Vietnam's Politburo, held secret meetings in France. This award-winning film features exclusive interviews and undisclosed recordings of what happened between two men who were worlds apart. How do historians explain the massive air offensive that followed weeks after peace was signed?"
s188,TV Show,Victorian Farm: Christmas Special,,Stephen Noonan,,,2009,ALL,1 Season,TV Shows,"Filmed in and around the Acton Scott Estate in Shropshire, Ruth, Peter and Alex return to tackle an array of new farming tasks, to explore life in the wider working countryside and to discover how the Victorians created the celebration of Christmas as we know it today."
s189,TV Show,Victorian Farm,,"Ruth Goodman, Alex Langlands, Peter Ginn",,,2009,TV-14,1 Season,Documentary,Historian Ruth Goodman and archaeologists Alex Langlands and Peter Ginn go back in time to relive the day-to-day life of a Victorian farmer.
s190,Movie,Vicky Velingkar,Saurabh Varma,"Sonalee Kulkarni, Spruha Joshi, Sangram Samel, Kettan Singh, Gaurav More, Rama Joshi, Vinita karat, Juhi Pawar",India,,2019,13+,125 min,"International, Suspense","Vicky Velingkar is a struggling comic book artist and a watch seller, who gets entangled in an unexpected murder mystery. As she investigates, she realises that nothing is what it seems and the man who killed her best friend is now on to her. In a race against time, Vicky must find the killer before he hunts her down."
s191,TV Show,Vets in Action,,Kym Marsh,,,2008,13+,1 Season,"Documentary, Special Interest","These vets are dedicated to saving the lives of animals big and small working from for extraordinary practices in the north of England. They are on called 24 hours a day 365 days a year, always ready to care for any animal."
s192,TV Show,Very Superstitious with George Lopez,,"George Lopez, Harris Jacqueline Matherne",,,2018,TV-14,1 Season,"Documentary, Drama, Unscripted","In Very Superstitious with George Lopez, George goes across the country to cities and small towns to show the many ways we're all alike... through our superstitions."
s193,Movie,Venky Mama,KS Ravindra(Bobby),"Venkatesh, Chaitanya, Payal Rajput, Raashi Khanna",,,2019,13+,141 min,"Action, Comedy, Drama","Venkataratnam, son of famous astrologer Ram Narayan, lands in a military cantonment region one week after a major terrorist attack. When interrogated by the military police, he tells them he came in search of his nephew, Karthik, and tells them his story."
s194,Movie,Vellai Pookal,Vivek Elangovan,"Vivek, Charlie, Dev, Pooja Devariya","United States, India",,2019,13+,121 min,"International, Suspense","Vellai Pookal is a thriller based on the story of a retired Indian cop who travels to the USA to meet his son and fatefully finds himself caught in a web of disappearance, death, and deceit. Follow Rudhran through his experiences in the Pacific Northwest and you will smile, laugh heartily, gasp with fear and be chilled with thrills as he unravels the mystery of the kidnappings in his neighborhood."
s195,TV Show,Vella Raja (Tamil),,,,,2018,16+,1 Season,"Drama, International, Suspense",The cat and mouse game begins with Theresaâ€™s posting in Chennai. Her vow to clean up the city from drugs leads her to Deva. Devaâ€™s drive to be the drug lord is paved with murders and politics. People who enter Bava Lodge on that day are caught in the crossfire of deceit and betrayal between Deva and Theresa. Who will survive in the lodge? Will Theresa be able to catch Deva and end the drug war?
s196,TV Show,Vella Raja (Hindi),,,,,2018,16+,1 Season,"Action, International",The cat and mouse game begins with Theresaâ€™s posting in Chennai. Her vow to clean up the city from drugs leads her to Deva. Devaâ€™s drive to be the drug lord is paved with murders and politics. People who enter Bava Lodge on that day are caught in the crossfire of deceit and betrayal between Deva and Theresa. Who will survive in the lodge? Will Theresa be able to catch Deva and end the drug war?
s197,Movie,Vehicle Songs by Little Baby Bum,Cannis Holder,"Grace Tamayo, Erin Webbs",,,2019,ALL,48 min,Kids,"Little Baby Bum is proud to present this compilation focusing on vehicles! This 47-minute video comprises of famous nursery rhymes such as 'Wheels on The Bus', 'Tractor Song', '10 Little Buses', and many more!"
s198,TV Show,Vatican Miracle Examiner,,,,,2017,TV-14,1 Season,"Anime, Drama, International","Two priests charged with traveling the world to validate ""miracles"" find themselves tangled in events filled with deceit. As members of the Assembly of Saints, Robert Nicholas and Kou Hiraga seek the truth behind the supposed works of God."
s199,TV Show,Vanity Fair,,"Olivia Cooke, Claudia Jessie, Tom Bateman, Johnny Flynn, Michael Palin",,,2018,13+,1 Season,Drama,"In a world where everyone is striving for what is not worth having, no one is more determined to climb to the heights of English Society than Miss Rebecca Sharp."
